CustomerID,FirstName,LastName,Age,Email,JoinDate
1,Vijay,Singh,41,vijay.singh@greenwich.info,2013-06-16
2,Neha,Sharma,66,neha.sharma@yahoo.com,2020-05-08
3,Raj,Singh,29,raj.singh@sky.net,2013-04-20
4,James,Johnson,26,james.johnson@sky.net,2019-08-28
5,Deepika,Mehta,39,deepika.mehta@greenwich.info,2020-06-30
6,Salma,Fakhoury,18,salma.fakhoury@gmail.com,2012-12-04
7,Amit,Joshi,67,amit.joshi@sky.net,2015-03-25
8,Deepika,Gupta,32,deepika.gupta@greenwich.info,2018-03-11
9,Benjamin,Hernandez,29,benjamin.hernandez@sky.net,2018-12-14
10,Fatima,Abadi,21,fatima.abadi@greenwich.info,2010-07-22
11,Isabella,Smith,32,isabella.smith@greenwich.info,2014-04-23
12,Raj,Gupta,29,raj.gupta@sky.net,2021-03-10
13,Noah,Miller,52,noah.miller@outlook.com,2011-03-30
14,Tariq,Abadi,46,tariq.abadi@sky.net,2019-01-02
15,Ava,Garcia,24,ava.garcia@greenwich.info,2015-09-29
16,Ali,Antoun,44,ali.antoun@sky.net,2016-07-23
17,Zara,Abadi,64,zara.abadi@greenwich.info,2021-08-05
18,Anjali,Chatterjee,27,anjali.chatterjee@outlook.com,2011-12-29
19,Ali,Maalouf,42,ali.maalouf@greenwich.info,2014-04-02
20,Ali,Ganim,29,ali.ganim@sky.net,2015-06-17
21,Ali,Ganim,41,ali.ganim@sky.net,2020-06-07
22,Sanjay,Joshi,49,sanjay.joshi@yahoo.com,2017-10-30
23,Isabella,Jones,27,isabella.jones@yahoo.com,2012-10-18
24,Olivia,Miller,62,olivia.miller@sky.net,2020-04-18
25,Ava,Garcia,55,ava.garcia@gmail.com,2020-08-12
26,Arjun,Gupta,69,arjun.gupta@outlook.com,2010-02-23
27,Arjun,Sharma,68,arjun.sharma@sky.net,2011-01-17
28,Arjun,Gupta,59,arjun.gupta@yahoo.com,2021-05-15
29,Layla,Maalouf,46,layla.maalouf@greenwich.info,2014-05-24
30,Ava,Williams,22,ava.williams@sky.net,2019-09-04
31,Amit,Joshi,37,amit.joshi@gmail.com,2015-06-03
32,Amit,Iyer,20,amit.iyer@outlook.com,2011-09-26
33,Noah,Jones,28,noah.jones@outlook.com,2012-11-12
34,Isabella,Jones,36,isabella.jones@gmail.com,2016-08-17
35,Isabella,Miller,59,isabella.miller@gmail.com,2020-05-31
36,Priya,Joshi,62,priya.joshi@yahoo.com,2021-11-06
37,Deepika,Iyer,44,deepika.iyer@outlook.com,2018-10-02
38,Neha,Sharma,33,neha.sharma@outlook.com,2011-10-25
39,Vijay,Gupta,47,vijay.gupta@yahoo.com,2010-02-01
40,Priya,Mehta,35,priya.mehta@sky.net,2010-07-04
41,Olivia,Jones,63,olivia.jones@sky.net,2012-05-19
42,Benjamin,Lopez,23,benjamin.lopez@yahoo.com,2014-01-10
43,Benjamin,Lopez,63,benjamin.lopez@sky.net,2019-12-08
44,Noah,Hernandez,64,noah.hernandez@sky.net,2018-10-31
45,Emma,Johnson,63,emma.johnson@greenwich.info,2015-08-13
46,Sanjay,Desai,27,sanjay.desai@yahoo.com,2013-05-21
47,Sanjay,Sharma,67,sanjay.sharma@sky.net,2012-10-03
48,Salma,Abadi,28,salma.abadi@yahoo.com,2011-12-17
49,Sanjay,Singh,24,sanjay.singh@greenwich.info,2019-06-27
50,Priya,Kumar,18,priya.kumar@yahoo.com,2019-02-27
